INSERT INTO sessions (title, location, instructor, date1, time1) VALUES ('Your UCM Success Network', 'Union 103', 'Tian', '2020-08-14', '01:00');
INSERT INTO sessions (title, location, instructor, date1, time1) VALUES ('Declassifying the First-Year Seminar', 'Union 101', 'Grebe', '2020-08-14', '01:00');
INSERT INTO sessions (title, location, instructor, date1, time1) VALUES ('Blackboard', 'Union 100', 'Copus', '2020-08-14', '01:00');
INSERT INTO sessions (title, location, instructor, date1, time1) VALUES ('Public Safety', 'Union 102', 'Park', '2020-08-14', '01:00');
INSERT INTO sessions (title, location, instructor, date1, time1) VALUES ('Campus Diversity', 'Union 104', 'Chen', '2020-08-14', '01:00');

REPLACE INTO roles VALUE (1, 'USER');
REPLACE INTO roles VALUE (2, 'ADMIN');

REPLACE INTO users (user_name, password, first_name, last_name, email, active)
VALUES (700000000, '$2y$10$A50PPo/tm3skv9iguM4UpOJg3ZUulV0XMB3iuGpx7po4k9OcFrREO', 'Mark', 'Grebe', 'GREBE@ucmo.edu', TRUE);

REPLACE INTO users (user_name, password, first_name, last_name, email, active)
VALUES (700000001, '$2y$10$A50PPo/tm3skv9iguM4UpOJg3ZUulV0XMB3iuGpx7po4k9OcFrREO', 'Aaron', 'Adams', 'AMA01620@ucmo.edu', TRUE);

REPLACE INTO users (user_name, password, first_name, last_name, email, active)
VALUES (700000002, '$2y$10$A50PPo/tm3skv9iguM4UpOJg3ZUulV0XMB3iuGpx7po4k9OcFrREO', 'Gregory', 'Avery', 'GRA65360@ucmo.edu', TRUE);

REPLACE INTO users (user_name, password, first_name, last_name, email, active)
VALUES (700000003, '$2y$10$A50PPo/tm3skv9iguM4UpOJg3ZUulV0XMB3iuGpx7po4k9OcFrREO', 'Jeeramy', 'Beemer', 'JRB84780@ucmo.edu', TRUE);

REPLACE INTO users (user_name, password, first_name, last_name, email, active)
VALUES (700000004, '$2y$10$A50PPo/tm3skv9iguM4UpOJg3ZUulV0XMB3iuGpx7po4k9OcFrREO', 'Jacqueline', 'Bonilla', 'JXB97740@ucmo.edu', TRUE);

REPLACE INTO users (user_name, password, first_name, last_name, email, active)
VALUES (700000005, '$2y$10$A50PPo/tm3skv9iguM4UpOJg3ZUulV0XMB3iuGpx7po4k9OcFrREO', 'Joshua', 'Brinkman', 'JKB04830@ucmo.edu', TRUE);

REPLACE INTO users (user_name, password, first_name, last_name, email, active)
VALUES (700000006, '$2y$10$A50PPo/tm3skv9iguM4UpOJg3ZUulV0XMB3iuGpx7po4k9OcFrREO', 'Vickey', 'Brown', 'VBB06430@ucmo.edu', TRUE);

REPLACE INTO users (user_name, password, first_name, last_name, email, active)
VALUES (700000007, '$2y$10$A50PPo/tm3skv9iguM4UpOJg3ZUulV0XMB3iuGpx7po4k9OcFrREO', 'Courtney', 'Cole', 'CEC53380@ucmo.edu', TRUE);

REPLACE INTO users (user_name, password, first_name, last_name, email, active)
VALUES (700000008, '$2y$10$A50PPo/tm3skv9iguM4UpOJg3ZUulV0XMB3iuGpx7po4k9OcFrREO', 'John', 'Conley', 'JDC57610@ucmo.edu', TRUE);

REPLACE INTO users (user_name, password, first_name, last_name, email, active)
VALUES (700000009, '$2y$10$A50PPo/tm3skv9iguM4UpOJg3ZUulV0XMB3iuGpx7po4k9OcFrREO', 'Stephen', 'Elmore', 'SME14850@ucmo.edu', TRUE);

REPLACE INTO users (user_name, password, first_name, last_name, email, active)
VALUES (700000010, '$2y$10$A50PPo/tm3skv9iguM4UpOJg3ZUulV0XMB3iuGpx7po4k9OcFrREO', 'Christine', 'Falk', 'CVF71530@ucmo.edu', TRUE);

REPLACE INTO users (user_name, password, first_name, last_name, email, active)
VALUES (700000011, '$2y$10$A50PPo/tm3skv9iguM4UpOJg3ZUulV0XMB3iuGpx7po4k9OcFrREO', 'Zachary', 'Fawcette', 'ZGF83810@ucmo.edu', TRUE);

REPLACE INTO users (user_name, password, first_name, last_name, email, active)
VALUES (700000012, '$2y$10$A50PPo/tm3skv9iguM4UpOJg3ZUulV0XMB3iuGpx7po4k9OcFrREO', 'Jacob', 'Finan', 'JTF01160@ucmo.edu', TRUE);

REPLACE INTO users (user_name, password, first_name, last_name, email, active)
VALUES (700000013, '$2y$10$A50PPo/tm3skv9iguM4UpOJg3ZUulV0XMB3iuGpx7po4k9OcFrREO', 'Kyle', 'Graber', 'JKB04830@ucmo.edu', TRUE);

REPLACE INTO users (user_name, password, first_name, last_name, email, active)
VALUES (700000014, '$2y$10$A50PPo/tm3skv9iguM4UpOJg3ZUulV0XMB3iuGpx7po4k9OcFrREO', 'Darien', 'Hayes', 'DJH52520@ucmo.edu', TRUE);

REPLACE INTO users (user_name, password, first_name, last_name, email, active)
VALUES (700000015, '$2y$10$A50PPo/tm3skv9iguM4UpOJg3ZUulV0XMB3iuGpx7po4k9OcFrREO', 'Jared', 'Hinkle', 'JAH87410@ucmo.edu', TRUE);

REPLACE INTO users (user_name, password, first_name, last_name, email, active)
VALUES (700000016, '$2y$10$A50PPo/tm3skv9iguM4UpOJg3ZUulV0XMB3iuGpx7po4k9OcFrREO', 'Erik', 'Huber', 'EXH06950@ucmo.edu', TRUE);

REPLACE INTO users (user_name, password, first_name, last_name, email, active)
VALUES (700000017, '$2y$10$A50PPo/tm3skv9iguM4UpOJg3ZUulV0XMB3iuGpx7po4k9OcFrREO', 'Nathaniel', 'Irvine', 'NXI55990@ucmo.edu', TRUE);

REPLACE INTO users (user_name, password, first_name, last_name, email, active)
VALUES (700000018, '$2y$10$A50PPo/tm3skv9iguM4UpOJg3ZUulV0XMB3iuGpx7po4k9OcFrREO', 'Ebenezer', 'Jeya', 'EXJ69180@ucmo.edu', TRUE);

REPLACE INTO users (user_name, password, first_name, last_name, email, active)
VALUES (700000019, '$2y$10$A50PPo/tm3skv9iguM4UpOJg3ZUulV0XMB3iuGpx7po4k9OcFrREO', 'Monis', 'Khan', 'MXK83920@ucmo.edu', TRUE);

REPLACE INTO users (user_name, password, first_name, last_name, email, active)
VALUES (700000020, '$2y$10$A50PPo/tm3skv9iguM4UpOJg3ZUulV0XMB3iuGpx7po4k9OcFrREO', 'Sau Mun', 'Khan', 'SXM68680@ucmo.edu', TRUE);

REPLACE INTO users (user_name, password, first_name, last_name, email, active)
VALUES (700000021, '$2y$10$A50PPo/tm3skv9iguM4UpOJg3ZUulV0XMB3iuGpx7po4k9OcFrREO', 'Akhila', 'Marri', 'AXM94120@ucmo.edu', TRUE);

REPLACE INTO users (user_name, password, first_name, last_name, email, active)
VALUES (700000022, '$2y$10$A50PPo/tm3skv9iguM4UpOJg3ZUulV0XMB3iuGpx7po4k9OcFrREO', 'Ka Wai', 'Ng', 'KXN28210@ucmo.edu', TRUE);

REPLACE INTO users (user_name, password, first_name, last_name, email, active)
VALUES (700000023, '$2y$10$A50PPo/tm3skv9iguM4UpOJg3ZUulV0XMB3iuGpx7po4k9OcFrREO', 'Katherine', 'Pohlman', 'KXP70570@ucmo.edu', TRUE);

REPLACE INTO users (user_name, password, first_name, last_name, email, active)
VALUES (700000024, '$2y$10$A50PPo/tm3skv9iguM4UpOJg3ZUulV0XMB3iuGpx7po4k9OcFrREO', 'Isaac', 'Prost', 'KXP70570@ucmo.edu', TRUE);

REPLACE INTO users (user_name, password, first_name, last_name, email, active)
VALUES (700000025, '$2y$10$A50PPo/tm3skv9iguM4UpOJg3ZUulV0XMB3iuGpx7po4k9OcFrREO', 'Ahmed', 'Qureshi', 'AXQ02670@ucmo.edu', TRUE);

REPLACE INTO users (user_name, password, first_name, last_name, email, active)
VALUES (700000026, '$2y$10$A50PPo/tm3skv9iguM4UpOJg3ZUulV0XMB3iuGpx7po4k9OcFrREO', 'Shannon', 'Rich', 'SMR58940@ucmo.edu', TRUE);

REPLACE INTO users (user_name, password, first_name, last_name, email, active)
VALUES (700000027, '$2y$10$A50PPo/tm3skv9iguM4UpOJg3ZUulV0XMB3iuGpx7po4k9OcFrREO', 'Ian', 'Riley', 'IMR10200@ucmo.edu', TRUE);

REPLACE INTO users (user_name, password, first_name, last_name, email, active)
VALUES (700000028, '$2y$10$A50PPo/tm3skv9iguM4UpOJg3ZUulV0XMB3iuGpx7po4k9OcFrREO', 'Jacob', 'Sauther', 'JAS76060@ucmo.edu', TRUE);

REPLACE INTO users (user_name, password, first_name, last_name, email, active)
VALUES (700000029, '$2y$10$A50PPo/tm3skv9iguM4UpOJg3ZUulV0XMB3iuGpx7po4k9OcFrREO', 'Steffen', 'Schwartz', 'SWS99040@ucmo.edu', TRUE);

REPLACE INTO users (user_name, password, first_name, last_name, email, active)
VALUES (700000030, '$2y$10$A50PPo/tm3skv9iguM4UpOJg3ZUulV0XMB3iuGpx7po4k9OcFrREO', 'Nicholas', 'Stamos', 'NJS11030@ucmo.edu', TRUE);

REPLACE INTO users (user_name, password, first_name, last_name, email, active)
VALUES (700000031, '$2y$10$A50PPo/tm3skv9iguM4UpOJg3ZUulV0XMB3iuGpx7po4k9OcFrREO', 'Marcus', 'Tan', 'MXT86290@ucmo.edu', TRUE);

REPLACE INTO users (user_name, password, first_name, last_name, email, active)
VALUES (700000032, '$2y$10$A50PPo/tm3skv9iguM4UpOJg3ZUulV0XMB3iuGpx7po4k9OcFrREO', 'Yen Wei', 'Tan', 'YXT69740@ucmo.edu', TRUE);

REPLACE INTO users (user_name, password, first_name, last_name, email, active)
VALUES (700000033, '$2y$10$A50PPo/tm3skv9iguM4UpOJg3ZUulV0XMB3iuGpx7po4k9OcFrREO', 'Alex', 'Whisennand', 'ADW81340@ucmo.edu', TRUE);

REPLACE INTO users (user_name, password, first_name, last_name, email, active)
VALUES (700000034, '$2y$10$A50PPo/tm3skv9iguM4UpOJg3ZUulV0XMB3iuGpx7po4k9OcFrREO', 'Brett', 'Wilhelm', 'BEW61990@ucmo.edu', TRUE);

REPLACE INTO users (user_name, password, first_name, last_name, email, active)
VALUES (700000035, '$2y$10$A50PPo/tm3skv9iguM4UpOJg3ZUulV0XMB3iuGpx7po4k9OcFrREO', 'Taylor', 'Williams', 'TJW67450@ucmo.edu', TRUE);

REPLACE INTO users (user_name, password, first_name, last_name, email, active)
VALUES (700000036, '$2y$10$A50PPo/tm3skv9iguM4UpOJg3ZUulV0XMB3iuGpx7po4k9OcFrREO', 'Olivia', 'Erickson', 'OLE82660@ucmo.edu', TRUE);

REPLACE INTO user_role (user_name, role_id) VALUES (700000000,2);
REPLACE INTO user_role (user_name, role_id) VALUES (700000001,1);
REPLACE INTO user_role (user_name, role_id) VALUES (700000002,1);
REPLACE INTO user_role (user_name, role_id) VALUES (700000003,1);
REPLACE INTO user_role (user_name, role_id) VALUES (700000004,1);
REPLACE INTO user_role (user_name, role_id) VALUES (700000005,1);
REPLACE INTO user_role (user_name, role_id) VALUES (700000006,1);
REPLACE INTO user_role (user_name, role_id) VALUES (700000007,1);
REPLACE INTO user_role (user_name, role_id) VALUES (700000008,1);
REPLACE INTO user_role (user_name, role_id) VALUES (700000009,1);
REPLACE INTO user_role (user_name, role_id) VALUES (700000010,2);
REPLACE INTO user_role (user_name, role_id) VALUES (700000011,1);
REPLACE INTO user_role (user_name, role_id) VALUES (700000012,1);
REPLACE INTO user_role (user_name, role_id) VALUES (700000013,1);
REPLACE INTO user_role (user_name, role_id) VALUES (700000014,1);
REPLACE INTO user_role (user_name, role_id) VALUES (700000015,1);
REPLACE INTO user_role (user_name, role_id) VALUES (700000016,1);
REPLACE INTO user_role (user_name, role_id) VALUES (700000017,1);
REPLACE INTO user_role (user_name, role_id) VALUES (700000018,1);
REPLACE INTO user_role (user_name, role_id) VALUES (700000019,1);
REPLACE INTO user_role (user_name, role_id) VALUES (700000020,1);
REPLACE INTO user_role (user_name, role_id) VALUES (700000021,1);
REPLACE INTO user_role (user_name, role_id) VALUES (700000022,1);
REPLACE INTO user_role (user_name, role_id) VALUES (700000023,2);
REPLACE INTO user_role (user_name, role_id) VALUES (700000024,1);
REPLACE INTO user_role (user_name, role_id) VALUES (700000025,1);
REPLACE INTO user_role (user_name, role_id) VALUES (700000026,1);
REPLACE INTO user_role (user_name, role_id) VALUES (700000027,1);
REPLACE INTO user_role (user_name, role_id) VALUES (700000028,1);
REPLACE INTO user_role (user_name, role_id) VALUES (700000029,1);
REPLACE INTO user_role (user_name, role_id) VALUES (700000030,1);
REPLACE INTO user_role (user_name, role_id) VALUES (700000031,1);
REPLACE INTO user_role (user_name, role_id) VALUES (700000032,1);
REPLACE INTO user_role (user_name, role_id) VALUES (700000033,1);
REPLACE INTO user_role (user_name, role_id) VALUES (700000034,1);
REPLACE INTO user_role (user_name, role_id) VALUES (700000035,1);
REPLACE INTO user_role (user_name, role_id) VALUES (700000036,2);

REPLACE INTO session_attendance (id, user_name) VALUES (1,700000010);
REPLACE INTO session_attendance (id, user_name) VALUES (1,700000023);
REPLACE INTO session_attendance (id, user_name) VALUES (1,700000036);
REPLACE INTO session_attendance (id, user_name) VALUES (2,700000010);
REPLACE INTO session_attendance (id, user_name) VALUES (2,700000023);
REPLACE INTO session_attendance (id, user_name) VALUES (2,700000036);
REPLACE INTO session_attendance (id, user_name) VALUES (3,700000010);
REPLACE INTO session_attendance (id, user_name) VALUES (3,700000023);
REPLACE INTO session_attendance (id, user_name) VALUES (3,700000036);
REPLACE INTO session_attendance (id, user_name) VALUES (4,700000010);
REPLACE INTO session_attendance (id, user_name) VALUES (4,700000023);
REPLACE INTO session_attendance (id, user_name) VALUES (4,700000036);
REPLACE INTO session_attendance (id, user_name) VALUES (5,700000010);
REPLACE INTO session_attendance (id, user_name) VALUES (5,700000023);
REPLACE INTO session_attendance (id, user_name) VALUES (5,700000036);